,sector,furnishDetail
0,sector 3 phase 2,"2 Wardrobe, 1 Water Purifier, 5 Fan, 1 Geyser, 12 Light, 1 AC, 1 Modular Kitchen, 1 Chimney, 1 Light, 1 Fan, 5 Wardrobe"
1,sector 56,"5 Fan, 1 Exhaust Fan, 3 Geyser, 25 Light, 1 Chimney, 1 Modular Kitchen, 4 Wardrobe, 3 Wardrobe, 4 Geyser, 10 Light, 1 Wardrobe, 1 Bed, 1 Water Purifier, 2 Fan, 1 Stove, 7 Light, 1 AC, 6 Fan, 2 Geyser, 8 Light, 12 Light, 6 Wardrobe, 12 Fan, 1 Dining Table, 6 Geyser, 18 Light, 21 Light, 10 Fan, 5 Wardrobe, 9 Fan, 5 Geyser, 5 Light, 24 Light, 3 Fan, 3 Light, 1 Curtains, 1 Geyser, 6 Light, 25 Fan, 1 Fridge, 16 Geyser, 78 Light, 9 AC, 3 Chimney, 16 Curtains, 28 Wardrobe, 4 Fan, 29 Light, 11 Light, 3 AC, 1 Light, 8 Fan, 16 Light, 2 Chimney, 4 Light, 7 Fan, 10 Geyser, 40 Light, 10 TV, 15 AC, 10 Bed, 12 Wardrobe, 1 Sofa, 1 Washing Machine, 1 Microwave, 26 Light, 16 AC, 4 Chimney, 9 Light, 15 Light, 7 Wardrobe, 1 Fan, 13 Light"
2,sector 102,"3 Wardrobe, 5 Fan, 1 Exhaust Fan, 1 Geyser, 1 Stove, 1 Modular Kitchen, 1 Chimney, 3 Curtains, 5 AC, 3 Geyser, 10 Light, 4 AC, 4 Fan, 5 Light, 2 Wardrobe, 2 Geyser, 8 Light, 3 AC, 1 Curtains, 6 Light, 6 Fan, 1 Water Purifier, 1 Fan, 1 Light, 1 AC, 2 AC, 8 Fan, 7 Light, 4 Geyser, 6 AC, 1 Wardrobe, 7 Wardrobe, 17 Light, 4 Light, 3 Fan, 7 Fan, 7 AC, 14 Light, 15 Light, 18 Light, 11 Light, 1 Dining Table, 6 Wardrobe, 5 Wardrobe, 20 Light, 2 Light, 16 Light, 12 Light, 21 Light, 1 Fridge, 25 Light, 1 TV, 2 Bed, 1 Sofa, 1 Microwave, 3 Light"
3,sector 49,"22 Wardrobe, 24 Fan, 1 Exhaust Fan, 33 Light, 1 Modular Kitchen, 3 Chimney, 2 Fan, 2 Light, 1 Chimney, 2 Wardrobe, 1 Water Purifier, 6 Fan, 1 Fridge, 4 Geyser, 1 Stove, 9 Light, 6 AC, 1 TV, 1 Curtains, 4 Bed, 4 Wardrobe, 1 Sofa, 1 Washing Machine, 1 Microwave, 3 Wardrobe, 4 Fan, 4 Light, 8 Fan, 3 Geyser, 8 Light, 12 Fan, 6 Geyser, 24 Light, 6 Wardrobe, 15 Light, 4 AC, 5 Fan, 1 Geyser, 6 Light, 5 AC, 12 Light, 3 AC, 1 Wardrobe, 1 Fan, 1 Light, 32 Light, 26 Light, 12 AC, 10 Light, 7 Fan, 1 Dining Table, 5 Geyser, 99 Light, 7 AC, 6 Curtains, 7 Wardrobe, 35 Light, 10 Curtains, 1 AC, 1 Bed, 2 Bed, 26 Fan, 12 Geyser, 42 Light, 19 Wardrobe, 14 Light, 12 Wardrobe, 20 Fan, 49 Light, 25 Light, 5 Light"
4,sector 86,"3 Wardrobe, 5 Fan, 1 Exhaust Fan, 3 Geyser, 10 Light, 1 Curtains, 1 Modular Kitchen, 1 Chimney, 2 Wardrobe, 4 Fan, 1 Geyser, 8 Light, 5 Wardrobe, 6 Fan, 4 Geyser, 7 Light, 1 Water Purifier, 1 Fridge, 1 Dining Table, 1 Stove, 12 Light, 5 AC, 4 Curtains, 1 TV, 1 Sofa, 1 Microwave, 1 Fan, 1 Light, 1 Washing Machine, 2 Geyser, 4 Light, 2 Bed, 7 Wardrobe, 12 Fan, 15 Light, 2 AC, 5 Light, 7 Fan, 3 AC, 9 Light, 3 Fan, 4 Wardrobe, 4 AC, 1 Wardrobe, 3 Bed"
5,sohna road road,"6 Wardrobe, 9 Fan, 10 Light, 1 Wardrobe, 1 Fan, 1 Exhaust Fan, 1 Geyser, 1 Light, 1 Modular Kitchen, 1 Chimney, 1 Bed"
6,sector 41,"3 Wardrobe, 6 Fan, 1 Exhaust Fan, 3 Geyser, 13 Light, 1 Chimney, 1 Modular Kitchen, 1 Light, 5 Wardrobe, 9 Fan, 4 Geyser, 12 Light, 5 Fan, 8 Geyser, 4 AC, 2 TV, 1 Curtains, 2 Bed, 2 Wardrobe, 1 Washing Machine, 1 Water Purifier, 10 Fan, 1 Fridge, 1 Dining Table, 7 Geyser, 1 Stove, 14 Light, 7 TV, 7 Wardrobe, 7 Bed, 1 Sofa, 1 Microwave, 10 Light, 5 AC, 10 Wardrobe, 12 Geyser, 6 AC, 2 Geyser, 6 Light, 3 Bed, 5 Geyser, 21 Light"
7,sector 13,"1 Light, 1 Fan, 2 Wardrobe, 1 Geyser, 2 AC"
8,sohna road,"1 Wardrobe, 1 Fan, 1 Light, 2 Fan, 2 Light, 1 Modular Kitchen, 3 Fan, 1 Exhaust Fan, 1 Dining Table, 3 Light, 4 Light, 1 Curtains, 1 Geyser, 1 AC, 1 Chimney, 1 Bed, 1 Sofa, 1 Water Purifier, 2 Geyser, 3 Wardrobe, 1 Microwave, 1 Washing Machine, 8 Light, 6 Curtains, 4 Fan, 1 Stove, 10 Light, 4 Wardrobe, 2 Bed, 2 Wardrobe, 7 Light, 3 AC, 2 Curtains, 6 Fan, 3 Geyser, 50 Light, 9 Light, 1 Fridge, 6 Light, 14 Light, 2 AC, 9 Curtains, 1 TV, 5 Light, 10 Curtains, 5 Fan, 12 Light, 2 TV, 40 Light, 3 Curtains, 11 Light, 8 Curtains"
9,sector 2,"1 Light, 6 Wardrobe, 6 Fan, 1 Exhaust Fan, 4 Geyser, 15 Light, 1 Modular Kitchen, 3 Wardrobe, 5 Fan, 2 Geyser, 5 Light, 4 Fan, 1 Geyser, 2 Wardrobe, 4 Light, 1 Chimney, 8 Light, 1 Water Purifier, 18 Fan, 15 Geyser, 1 Stove, 52 Light, 1 Curtains, 15 Wardrobe, 1 Microwave, 1 Fridge, 1 Dining Table, 20 Light, 4 AC, 1 TV, 3 Bed, 1 Sofa, 3 Fan, 3 Geyser, 10 Light, 1 Wardrobe, 2 Fan, 7 Light, 2 AC, 6 Light, 1 Fan, 4 Wardrobe, 8 Fan, 6 Geyser, 40 Light, 5 Wardrobe, 1 Washing Machine, 14 Light, 3 Light, 30 Light, 1 Bed, 2 Light, 5 Geyser, 1 AC, 10 Fan, 9 Light, 5 AC, 9 Wardrobe, 9 Geyser, 12 Light, 7 Wardrobe, 12 Fan, 7 Geyser, 19 Light, 10 AC, 2 Chimney, 8 Curtains"
10,sector 37c,"3 Wardrobe, 7 Fan, 3 Geyser, 15 Light, 2 Wardrobe, 3 Fan, 1 Exhaust Fan, 1 Geyser, 10 Light, 1 Modular Kitchen, 1 Chimney, 3 Light, 4 Fan, 4 Light, 5 Fan, 2 Geyser, 6 Light, 12 Light, 1 AC, 1 Light, 4 Wardrobe, 2 AC, 1 Curtains, 11 Light, 1 Wardrobe, 1 Fan, 1 Water Purifier, 6 Fan"
11,sector 17,"4 Wardrobe, 10 Fan, 1 Exhaust Fan, 5 Geyser, 1 Washing Machine, 10 Light, 1 Modular Kitchen, 1 Light, 3 Fan, 3 Light, 8 Wardrobe, 12 Fan, 8 Geyser, 12 Light, 8 AC, 2 Chimney"
12,sector 83,"2 Fan, 1 Fridge, 1 Exhaust Fan, 1 Dining Table, 4 Geyser, 1 Stove, 2 Light, 1 AC, 1 TV, 1 Modular Kitchen, 1 Chimney, 1 Curtains, 1 Bed, 1 Wardrobe, 1 Washing Machine, 1 Microwave, 5 Wardrobe, 6 Fan, 3 Geyser, 7 Light, 4 Wardrobe, 5 Fan, 4 Light, 2 Wardrobe, 4 Fan, 2 Geyser, 8 Light, 7 Fan, 4 AC, 1 Geyser, 12 Light, 3 Wardrobe, 10 Light, 3 AC, 1 Fan, 1 Light, 5 Light, 6 Light, 8 Fan, 10 Fan, 5 Geyser, 15 Light, 5 AC, 2 AC, 2 TV, 1 Sofa, 3 Fan, 16 Light, 9 Fan, 11 Light, 1 Water Purifier, 3 Bed, 3 Curtains, 5 Curtains, 9 Light"
13,sector 85,"4 Wardrobe, 1 Water Purifier, 4 Fan, 1 Stove, 1 Modular Kitchen, 4 AC, 2 Chimney, 15 Light, 5 AC, 3 Wardrobe, 10 Light, 1 Exhaust Fan, 2 Wardrobe, 3 Fan, 3 Geyser, 3 Light, 1 Chimney, 6 AC, 20 Light, 3 AC, 2 AC, 11 Light, 2 Bed, 1 Fridge, 1 Dining Table, 1 Geyser, 8 Light, 1 Light, 1 Curtains, 9 Light, 5 Light, 6 Light, 4 Curtains, 5 Fan, 2 Geyser, 6 Fan, 4 Light, 1 Fan, 1 AC, 4 Geyser, 9 Fan, 7 Fan, 14 Light, 6 Wardrobe, 12 Light, 7 Light"
14,sector 113,"1 Microwave, 9 AC, 1 Chimney, 1 Modular Kitchen, 1 Water Purifier, 1 Light, 1 Exhaust Fan, 1 Stove, 5 Light, 2 Light, 2 Geyser, 1 Geyser, 1 AC, 4 Geyser, 6 AC, 1 Fridge, 1 Washing Machine, 6 Fan, 1 Dining Table, 25 Light, 5 Curtains, 5 AC, 4 Wardrobe, 1 Sofa, 2 AC, 4 AC, 5 Fan, 7 Light, 6 Light, 8 Light, 1 TV, 1 Curtains, 4 Bed, 2 Wardrobe, 3 Fan"
15,sector 11,"1 Light, 3 Chimney, 24 Wardrobe, 20 Fan, 1 Exhaust Fan, 14 Geyser, 28 Light, 8 AC, 4 Chimney, 8 Curtains, 1 Modular Kitchen, 7 Wardrobe, 9 Fan, 2 Geyser, 15 Light, 1 Chimney, 1 Wardrobe, 1 Fan, 1 Bed"
16,sector 12,"1 Light, 1 Bed, 1 Water Purifier, 1 Fan, 1 Fridge, 1 Sofa, 1 Exhaust Fan, 1 Chimney, 1 Curtains, 1 AC, 3 Wardrobe, 4 Fan, 10 Light, 2 AC, 1 Modular Kitchen, 6 Fan, 3 Geyser, 9 Light, 5 Fan, 35 Light, 2 Wardrobe, 2 Fan, 2 Light, 3 Fan, 3 Light, 1 Wardrobe, 14 Light, 4 Light, 1 Stove, 1 Microwave"
17,sector 53,"1 Light, 1 Wardrobe, 1 Fan, 1 Modular Kitchen, 9 Wardrobe, 1 Water Purifier, 4 Fan, 1 Exhaust Fan, 4 Geyser, 7 AC, 1 Chimney, 8 Fan, 20 Light, 5 AC, 3 Wardrobe, 1 Microwave, 7 Fan, 5 Geyser, 8 Light, 8 AC, 12 Curtains, 4 Wardrobe, 1 Geyser, 1 Stove, 1 Curtains, 1 AC, 9 Fan, 9 Light, 7 Wardrobe, 6 Fan, 6 Geyser, 1 Washing Machine, 14 Light, 6 AC, 4 AC, 6 Wardrobe, 3 Chimney, 1 Fridge"
18,sector 48,"1 Light, 1 Water Purifier, 11 Geyser, 1 Stove, 8 Light, 8 AC, 1 Modular Kitchen, 1 Chimney, 3 Wardrobe, 6 Fan, 1 Exhaust Fan, 3 Geyser, 4 Wardrobe, 8 Fan, 1 Fridge, 4 Geyser, 1 Washing Machine, 10 Light, 4 AC, 4 Bed, 4 Fan, 4 Light, 5 Geyser, 12 Light, 5 AC, 11 Fan, 6 Geyser, 30 Light, 1 Curtains, 10 Fan, 6 Wardrobe, 16 Light, 7 Fan, 6 Light, 4 TV, 3 Bed, 1 Sofa, 1 Microwave, 7 Wardrobe, 10 Geyser, 25 Light, 5 Wardrobe, 6 AC, 12 Fan, 36 Light, 7 AC, 3 Light, 11 Light, 19 Light, 5 Fan, 14 Light, 18 Light, 5 Light, 9 Light, 15 Light, 1 Dining Table, 3 AC, 1 TV, 13 Light, 7 Geyser, 11 AC, 9 AC, 2 Bed, 21 Light, 1 Wardrobe, 1 Fan, 1 Geyser, 1 AC, 55 Light, 10 Wardrobe, 3 TV, 15 Curtains, 20 Light, 2 Chimney"
19,sector 43,"1 Water Purifier, 9 Fan, 1 Fridge, 1 Exhaust Fan, 1 Dining Table, 8 Geyser, 1 Stove, 12 Light, 8 AC, 4 TV, 1 Modular Kitchen, 1 Chimney, 1 Curtains, 6 Wardrobe, 1 Sofa, 1 Washing Machine, 1 Microwave, 6 Fan, 5 Geyser, 31 Light, 5 AC, 10 Wardrobe, 1 Wardrobe, 3 Wardrobe, 5 Fan, 3 Geyser, 13 Light, 10 Bed, 3 Fan, 10 Geyser, 2 Light, 4 Geyser, 14 Light, 2 TV, 3 AC, 55 Light, 4 AC, 7 Fan, 11 Light, 7 AC, 5 Wardrobe, 10 Light, 12 Fan, 12 Geyser, 12 AC, 12 TV, 12 Wardrobe, 12 Bed, 16 Light, 13 AC, 20 Curtains, 3 Chimney, 9 Wardrobe, 3 Microwave, 4 Wardrobe, 10 Fan, 20 Light, 1 Light, 1 Fan, 8 Fan, 6 Geyser, 6 AC, 2 Chimney, 7 Wardrobe, 18 Light, 33 Light, 26 Light, 19 Light, 5 TV, 5 Curtains, 20 Wardrobe, 11 Fan, 7 Geyser, 32 Light, 11 AC, 4 Fan, 7 Light, 2 Curtains, 30 Light, 6 Light, 8 Wardrobe, 4 Chimney, 3 Curtains, 3 TV, 2 Wardrobe, 17 Light, 22 Light, 15 Light, 52 Light, 15 Fan, 60 Light, 2 Geyser, 2 AC, 4 Light"
20,sector 84,"6 Fan, 1 Exhaust Fan, 2 Geyser, 15 Light, 3 AC, 1 Chimney, 1 Modular Kitchen, 3 Wardrobe, 5 Fan, 3 Geyser, 1 Stove, 30 Light, 5 AC, 1 Fan, 3 Light, 2 Curtains, 2 Wardrobe, 20 Light, 1 Water Purifier, 4 Fan, 1 Dining Table, 6 Light, 2 AC, 1 TV, 1 Curtains, 2 Bed, 1 Sofa, 1 Light, 1 Fridge, 4 Light, 1 Washing Machine, 3 Fan, 1 Geyser, 8 Light, 7 Light, 7 Fan, 1 Wardrobe, 2 Fan, 5 Light, 10 Light"
21,sector 69,"1 Modular Kitchen, 1 Exhaust Fan, 1 Chimney, 1 Curtains, 3 Wardrobe, 4 Fan, 3 Geyser, 5 Light, 10 Fan, 2 Geyser, 10 Light, 4 AC, 4 Wardrobe, 8 Light, 6 Fan, 12 Light, 9 Light, 1 Dining Table, 14 Light, 5 Fan, 5 AC, 1 Light, 1 Bed, 1 Wardrobe, 1 Fan, 1 Sofa, 2 Wardrobe, 3 Fan, 1 Geyser, 1 Water Purifier, 2 Fan, 1 Fridge, 1 Stove, 1 TV, 1 Washing Machine, 1 Microwave, 11 Light, 7 Fan, 3 AC, 7 Light, 15 Light, 6 Light, 4 Light, 2 AC, 4 Geyser, 6 AC, 11 Fan, 99 Light"
22,sector 14,"1 Wardrobe, 1 Fan, 1 Light, 5 Wardrobe, 8 Fan, 1 Exhaust Fan, 4 Geyser, 16 Light, 1 Modular Kitchen, 10 Fan, 6 Geyser, 10 Light, 1 Chimney, 1 Curtains, 1 Water Purifier, 2 Geyser, 2 AC, 4 Bed, 1 Washing Machine, 1 Microwave, 7 Wardrobe, 6 Fan, 3 Geyser, 9 Light, 6 Wardrobe, 9 Fan, 1 Dining Table, 1 Stove, 25 Light, 6 AC, 3 Bed, 9 Wardrobe, 1 Sofa, 5 Light, 1 AC"
23,sector 26,"1 Water Purifier, 20 Fan, 1 Exhaust Fan, 16 Geyser, 1 Stove, 62 Light, 12 AC, 1 Modular Kitchen, 1 Chimney, 21 Wardrobe, 1 Microwave, 5 Fan, 5 Geyser, 7 Light, 5 AC, 4 Geyser, 11 Light, 4 AC, 3 Fan, 6 Light, 7 Wardrobe, 8 Fan, 8 Geyser, 30 Light, 7 AC, 1 Wardrobe, 1 Fan, 1 Geyser, 1 Light, 1 AC, 16 Fan, 1 Fridge, 1 Dining Table, 25 Light, 1 Curtains, 5 TV, 10 AC, 5 Wardrobe, 5 Bed, 1 Sofa, 1 Washing Machine, 10 Fan, 6 Geyser, 22 Light, 4 Wardrobe, 22 Wardrobe, 28 Light, 3 Wardrobe, 12 Light, 16 Wardrobe, 26 Fan, 32 Light, 16 AC, 11 Fan, 55 Light, 9 AC, 14 Light, 6 Wardrobe, 7 Fan, 20 Light, 5 Light, 16 Light, 10 Light, 20 Geyser, 21 Light, 26 AC, 26 Wardrobe, 9 Fan, 9 Light, 6 AC, 2 Geyser, 2 AC, 6 Curtains, 6 Fan, 4 Light, 4 Fan, 11 Geyser, 60 Light, 3 Light, 8 Bed, 8 Wardrobe, 3 Geyser, 3 AC, 2 Bed, 94 Light, 11 AC, 12 Geyser, 40 Light, 12 Wardrobe"
24,sector 50,"1 Light, 1 Modular Kitchen, 3 Wardrobe, 1 Water Purifier, 16 Fan, 1 Fridge, 1 Exhaust Fan, 5 Geyser, 1 Stove, 11 AC, 1 Chimney, 1 Curtains, 5 Wardrobe, 4 Geyser, 9 Light, 6 AC, 2 Wardrobe, 5 Fan, 2 Geyser, 6 Light, 4 Fan, 1 Dining Table, 3 Geyser, 4 AC, 2 Curtains, 1 Sofa, 7 Fan, 23 Light, 5 AC, 4 Curtains, 1 Microwave, 18 Light, 12 Light, 3 Curtains, 6 Geyser, 10 Light, 4 Wardrobe, 1 AC, 7 Light, 6 Fan, 1 TV, 4 Bed, 1 Washing Machine, 1 Wardrobe, 1 Fan, 1 Geyser, 15 Light, 5 Light, 24 Light, 8 Fan, 3 AC, 4 Light, 3 Light, 20 Light, 2 Bed, 14 Light, 3 Fan, 17 Light, 9 Wardrobe, 15 Fan, 9 Geyser, 3 Microwave, 45 Light, 12 AC, 3 Chimney, 13 Light, 8 Light, 19 Light, 7 AC, 6 Wardrobe, 11 Light, 7 Geyser"
25,manesar,"7 Fan, 7 Light, 5 Fan, 5 Light, 6 Fan, 6 Light, 15 Light, 1 Modular Kitchen, 1 Water Purifier, 1 Fridge, 1 Dining Table, 3 Geyser, 1 Stove, 10 Light, 3 AC, 10 Curtains, 1 TV, 3 Wardrobe, 1 Sofa, 1 Washing Machine, 4 Wardrobe, 1 Exhaust Fan, 2 Geyser, 1 Fan, 1 Geyser, 1 Light"
26,sector 70a,"1 Fan, 1 Light, 2 Chimney, 4 AC, 4 Fan, 1 Exhaust Fan, 2 Geyser, 11 Light, 6 Fan, 3 Geyser, 20 Light, 6 AC, 1 Chimney, 1 Modular Kitchen, 3 Wardrobe, 5 Fan, 6 Light, 3 AC, 5 Wardrobe, 1 Water Purifier, 6 Geyser, 1 Stove, 10 AC, 3 Fan, 4 Wardrobe, 15 Light, 5 AC, 1 Wardrobe, 2 AC, 7 AC, 1 Geyser, 1 AC, 13 Light, 7 Light, 1 Dining Table, 10 Light, 1 Curtains, 3 Bed, 1 Sofa, 4 Geyser, 4 Light, 7 Fan, 1 Fridge, 12 Light, 3 Chimney, 1 Washing Machine, 11 Wardrobe, 9 Fan, 5 Geyser, 18 Light, 8 AC, 50 Light, 15 AC, 2 Wardrobe, 1 Microwave, 9 Light, 8 Fan, 2 Light"
27,sector 95,"1 Water Purifier, 3 Fan, 1 Exhaust Fan, 5 Light, 1 Modular Kitchen, 1 Chimney, 1 Curtains, 1 Fridge, 1 Geyser, 4 Light, 1 AC, 2 Wardrobe, 1 Sofa, 4 Fan, 1 Light, 6 Light, 2 Bed, 1 Wardrobe, 8 Light, 1 Fan, 1 Stove, 5 Fan, 1 Dining Table, 10 Light, 1 TV, 1 Washing Machine, 12 Fan, 2 Geyser, 2 Fan, 6 Fan, 4 Wardrobe"
28,sector 109,"5 Wardrobe, 10 Fan, 1 Exhaust Fan, 2 Geyser, 1 Modular Kitchen, 1 Chimney, 1 Curtains, 7 Fan, 1 Geyser, 7 Light, 1 Light, 1 Water Purifier, 5 Fan, 3 Geyser, 1 Stove, 19 Light, 4 AC, 7 Curtains, 3 Wardrobe, 10 Light, 4 Wardrobe, 2 Wardrobe, 3 AC, 5 Geyser, 8 AC, 4 Fan, 15 Light, 5 AC, 1 Fan, 1 AC, 6 Fan, 6 Light, 7 AC, 7 Geyser, 12 AC, 9 Light, 4 Light, 8 Wardrobe, 11 Light, 22 Light, 9 Fan, 27 Light, 6 Curtains, 1 Wardrobe, 8 Light, 6 AC, 4 Geyser, 12 Light, 9 AC, 1 Microwave, 5 Light, 6 Wardrobe"
29,sector 54,"3 Wardrobe, 5 Fan, 1 Exhaust Fan, 3 Geyser, 1 Stove, 9 Light, 1 Modular Kitchen, 1 Chimney, 1 Curtains, 12 Light, 2 AC, 1 Water Purifier, 9 Fan, 1 Fridge, 4 Geyser, 19 Light, 5 AC, 1 Washing Machine, 1 Microwave, 1 Wardrobe, 1 Fan, 1 Light, 21 Fan, 1 Dining Table, 21 Geyser, 21 Light, 21 Bed, 21 Wardrobe, 1 Sofa, 4 Fan, 1 Geyser, 5 Light, 5 Wardrobe, 8 Fan, 5 Geyser, 6 AC, 6 Fan, 16 Light, 1 TV, 5 Curtains, 4 AC, 10 Light, 4 Wardrobe, 7 Fan, 15 Light, 7 AC, 3 Fan, 2 Geyser, 4 Light, 7 Light, 24 Light, 8 AC, 7 Geyser, 32 Light, 11 Light, 2 Wardrobe, 2 Light, 2 TV, 9 Geyser, 20 Light, 9 AC, 9 TV, 9 Wardrobe, 22 Light, 22 Fan, 18 Geyser, 40 Light, 18 AC, 18 TV, 36 Bed, 36 Wardrobe, 6 Wardrobe"
30,sector 37d,"1 Stove, 4 AC, 1 Chimney, 1 Modular Kitchen, 2 AC, 5 Fan, 6 Light, 6 AC, 1 Exhaust Fan, 1 Wardrobe, 5 AC, 5 Light, 3 AC, 1 Light, 6 Fan, 19 Light, 3 Wardrobe, 4 Light, 21 Light, 2 Wardrobe, 3 Geyser, 1 Water Purifier, 1 Dining Table, 4 Geyser, 3 Curtains, 1 Sofa, 2 Geyser, 7 Light, 1 Geyser, 1 AC, 3 Light, 3 Fan, 7 Fan, 18 Light, 4 Fan, 4 Wardrobe, 1 Microwave"
31,sector 8,"2 Fan, 1 Geyser, 2 Chimney, 1 Modular Kitchen, 1 Wardrobe, 3 Wardrobe, 1 Exhaust Fan, 1 Light"
32,sector 3 phase 3 extension,"1 Wardrobe, 1 Fan, 1 Light, 3 Fan, 15 Light, 2 Fan, 2 Geyser, 6 Light, 1 Chimney, 2 Wardrobe, 1 Water Purifier, 1 Fridge, 1 Exhaust Fan, 1 Geyser, 1 AC, 1 TV, 1 Modular Kitchen, 1 Curtains, 1 Bed, 1 Sofa"
33,sector 79,"6 Wardrobe, 1 Stove, 1 Chimney, 4 AC, 1 Wardrobe, 1 Fan, 1 Exhaust Fan, 1 Geyser, 1 Light, 1 Modular Kitchen, 3 Wardrobe, 2 Geyser, 2 AC, 5 Fan, 3 Geyser, 12 Light, 1 Curtains, 5 AC, 2 Wardrobe, 4 Fan, 6 Light, 1 Water Purifier, 5 Geyser, 25 Light, 9 Wardrobe, 1 AC, 4 Geyser, 15 Light, 4 Curtains, 7 Light, 20 Light, 4 Wardrobe, 6 Fan, 3 Fan, 3 Light, 3 AC, 1 Dining Table, 14 Light, 1 Fridge, 1 TV, 1 Bed, 1 Sofa, 1 Washing Machine, 2 Fan, 5 Light, 2 Bed, 1 Microwave"
34,sector 104,"4 Wardrobe, 6 Fan, 1 Exhaust Fan, 18 Light, 6 AC, 1 Modular Kitchen, 4 AC, 7 Fan, 19 Light, 1 Chimney, 1 Water Purifier, 3 Geyser, 5 AC, 1 Fan, 1 Light, 5 Fan, 5 Light, 3 Wardrobe, 2 Wardrobe, 8 Light, 1 Stove, 3 Light, 4 Bed, 1 Fridge, 2 Geyser, 40 Light, 1 TV, 1 Wardrobe, 2 Fan, 1 Curtains, 11 Light, 3 Fan, 3 AC, 4 Fan, 6 Light, 1 Geyser, 2 Light, 16 Light, 8 Fan, 13 Light, 7 Light, 12 Light, 4 Light, 2 AC, 1 Sofa, 1 Microwave, 1 Washing Machine, 7 AC"
35,sector 10,"1 Wardrobe, 1 Fan, 1 Exhaust Fan, 1 Geyser, 1 Light, 1 Modular Kitchen, 4 Light, 5 Wardrobe, 4 Fan, 18 Light, 3 Wardrobe"
36,sector 67,"1 Light, 3 Fan, 1 Exhaust Fan, 3 Geyser, 3 Light, 4 AC, 1 Chimney, 1 Modular Kitchen, 5 Wardrobe, 8 Fan, 4 Geyser, 1 Stove, 16 Light, 1 Curtains, 5 AC, 3 Wardrobe, 5 Fan, 8 Light, 15 Fan, 5 Geyser, 22 Light, 4 Wardrobe, 1 Water Purifier, 9 Fan, 15 Light, 1 Fridge, 1 Dining Table, 13 Light, 4 TV, 3 Bed, 1 Sofa, 1 Washing Machine, 1 Microwave, 7 Fan, 2 Wardrobe, 4 Fan, 2 Geyser, 4 Light, 2 Curtains, 6 Fan, 10 Light, 1 Fan, 1 Wardrobe, 3 AC, 6 Wardrobe, 20 Light, 9 AC, 6 AC, 11 Light, 21 Light, 7 Wardrobe, 1 Geyser, 1 AC, 18 Light, 7 AC, 17 Light, 6 Curtains, 2 TV, 6 Light, 12 Light, 7 Light, 5 Light, 9 Light, 10 Fan, 10 Geyser, 36 Light, 24 Wardrobe"
37,sector 112,"7 AC, 1 Exhaust Fan, 3 Geyser, 1 Stove, 5 AC, 1 Modular Kitchen, 7 Fan, 1 Geyser, 7 Light, 4 Fan, 2 Geyser, 4 Light, 4 AC, 1 Chimney, 5 Light, 8 Light, 5 Fan, 5 Geyser, 18 Light, 1 AC, 3 Wardrobe, 1 Microwave, 6 Fan, 9 Light, 6 AC, 5 Wardrobe, 1 Water Purifier, 12 Fan, 16 Light, 1 Curtains, 6 Geyser, 7 Geyser, 10 AC, 4 Geyser"
38,sector 33,"2 Wardrobe, 2 Fan, 3 Geyser, 5 Light, 2 AC, 5 Wardrobe, 6 Fan, 18 Light, 1 Wardrobe, 1 Fan, 1 Light, 6 Wardrobe, 14 Fan, 1 Exhaust Fan, 7 Geyser, 48 Light, 1 Chimney, 6 AC, 1 Modular Kitchen, 24 Light, 1 Curtains, 3 Wardrobe, 3 AC, 4 Fan, 2 Geyser, 10 Light, 4 AC, 4 Wardrobe, 7 Fan, 11 Light, 2 Curtains, 5 Fan, 4 Geyser, 5 AC, 1 Water Purifier, 1 Fridge, 1 Sofa, 3 Light, 1 Geyser, 99 Light, 8 Fan, 6 Geyser, 28 Light, 3 Fan, 15 Fan, 5 Geyser, 21 Light, 1 Stove, 25 Light, 6 Light, 7 Light"
39,sector 82,"3 Wardrobe, 3 Fan, 1 Exhaust Fan, 2 Geyser, 1 Microwave, 5 Light, 2 AC, 1 Chimney, 1 Curtains, 1 Light, 1 Water Purifier, 5 Fan, 1 Fridge, 1 Dining Table, 1 Geyser, 1 Stove, 4 AC, 1 TV, 1 Modular Kitchen, 1 Washing Machine, 5 Wardrobe, 8 Fan, 3 Geyser, 1 Wardrobe, 1 Fan, 12 Fan, 4 Geyser, 25 Light, 8 AC, 10 Light, 7 Fan, 5 Geyser, 51 Light, 6 AC, 4 Wardrobe, 13 Fan, 6 Geyser, 38 Light, 7 AC, 2 Wardrobe, 8 Light, 50 Light, 4 Fan, 6 Light, 6 Fan, 5 AC, 1 Sofa, 12 Light, 3 TV, 5 Bed, 15 Light, 11 Light, 22 Light, 7 Light, 3 Curtains"
40,sector 111,"4 Wardrobe, 8 Fan, 1 Exhaust Fan, 4 Geyser, 30 Light, 7 AC, 1 Chimney, 1 Modular Kitchen, 1 Stove, 5 AC, 8 Light, 1 Water Purifier, 2 Fan, 1 Fridge, 1 Dining Table, 1 Geyser, 4 Light, 1 TV, 2 AC, 1 Curtains, 1 Wardrobe, 1 Bed, 1 Sofa, 1 Microwave, 1 Washing Machine, 1 Light, 6 AC, 6 Fan, 5 Geyser, 20 Light, 6 Curtains, 40 Light, 4 TV, 4 AC, 4 Bed, 5 Fan, 17 Light, 3 Wardrobe"
41,sector 28,"2 AC, 1 Water Purifier, 5 Fan, 1 Fridge, 1 Exhaust Fan, 1 Dining Table, 4 Geyser, 1 Stove, 6 Light, 1 Chimney, 1 Curtains, 4 AC, 1 TV, 1 Modular Kitchen, 3 Wardrobe, 3 Bed, 1 Sofa, 1 Microwave, 1 Washing Machine, 3 Geyser, 9 Light, 1 Light, 2 Bed, 4 Wardrobe, 4 Fan, 4 Light, 1 AC, 1 Wardrobe, 2 Fan, 2 Light, 1 Bed, 1 Fan, 16 Fan, 13 Geyser, 80 Light, 12 AC, 3 Chimney, 21 Curtains, 16 Wardrobe, 4 Microwave, 8 Light, 5 Wardrobe, 11 Fan, 5 Geyser, 7 AC, 10 Light, 9 Fan, 69 Light, 3 Fan, 6 Wardrobe, 1 Geyser, 20 Fan, 16 Geyser, 30 Light, 16 AC, 4 Chimney, 2 Curtains, 12 Fan, 10 Geyser, 41 Light, 10 AC, 2 Wardrobe, 6 Fan, 2 Geyser, 3 AC, 7 Light, 10 Fan, 8 Fan, 2 Chimney, 5 AC, 12 Wardrobe, 15 Fan, 12 Geyser, 53 Light, 15 AC"
42,sector 77,"1 Water Purifier, 5 Fan, 3 Geyser, 1 Stove, 20 Light, 3 AC, 1 Chimney, 1 Modular Kitchen, 2 Wardrobe, 1 Wardrobe, 1 Fan, 1 Exhaust Fan, 1 Geyser, 1 Light, 1 AC, 1 Curtains, 6 Fan, 12 Light, 4 Fan, 8 Light, 3 Wardrobe, 10 Light, 5 AC, 10 Wardrobe, 2 Geyser, 33 Light, 4 AC, 5 Light, 4 Geyser, 15 Light, 4 Wardrobe, 7 Fan, 35 Light, 3 Fan, 1 Fridge, 1 Dining Table, 1 TV, 1 Sofa, 1 Microwave, 1 Washing Machine"
43,sector 15,"1 Water Purifier, 6 Fan, 1 Exhaust Fan, 2 Geyser, 15 Light, 1 Modular Kitchen, 3 Wardrobe, 10 Light, 2 Wardrobe, 3 Fan, 12 Light, 5 Curtains, 2 Bed, 1 Wardrobe, 1 Fan, 1 Stove, 1 Light"
44,gwal pahari,"3 Wardrobe, 4 Fan, 1 Microwave, 10 Light, 2 AC, 1 Modular Kitchen, 1 Chimney, 4 Wardrobe, 3 Fan, 1 Geyser, 1 Stove, 5 Curtains, 7 AC, 2 Wardrobe, 2 Geyser, 3 AC, 1 Exhaust Fan, 18 Light, 1 Fan, 1 Light, 1 Wardrobe, 1 AC, 7 Fan, 20 Light, 1 Water Purifier, 5 Fan, 4 Geyser, 25 Light, 5 AC, 5 Light, 3 Geyser, 4 Light, 4 AC"
45,sector 81,"2 Wardrobe, 4 Fan, 5 Light, 3 Wardrobe, 8 Fan, 1 Exhaust Fan, 1 Stove, 1 Washing Machine, 10 Light, 5 AC, 1 Curtains, 1 Chimney, 1 Modular Kitchen, 2 Geyser, 4 AC, 1 Fridge, 1 Fan, 1 Dining Table, 1 Geyser, 1 Light, 1 AC, 1 Wardrobe, 1 Microwave, 6 Light, 4 Wardrobe, 6 Fan, 5 Geyser, 4 Curtains, 6 AC, 4 Light, 7 AC, 2 Bed, 3 Geyser, 21 Light, 5 Fan, 7 Light, 5 Wardrobe, 9 Fan, 4 Geyser, 14 Light, 20 Light, 10 AC, 8 AC, 1 Water Purifier, 1 Sofa, 15 Light, 3 Fan, 3 AC, 8 Light, 2 Fan, 2 TV, 11 Fan, 26 Light, 2 Curtains, 10 Fan, 3 TV, 3 Bed, 7 Geyser, 7 Wardrobe, 7 Fan, 19 Light, 6 Geyser, 2 AC, 12 Light, 16 Light, 11 Light, 23 Light, 1 Bed, 6 Wardrobe, 24 Light"
46,dwarka expressway,"2 Wardrobe, 2 Fan, 2 Light, 1 Modular Kitchen, 1 Light"
47,sector 61,"1 Chimney, 1 Modular Kitchen, 3 Light, 2 Wardrobe, 5 Fan, 6 Light, 3 Wardrobe, 1 Water Purifier, 4 Fan, 1 Exhaust Fan, 4 Geyser, 14 Light, 2 AC, 1 Curtains, 6 Wardrobe, 6 Fan, 1 Stove, 10 Light, 4 AC, 1 Light, 2 Fan, 2 Geyser, 3 Fan, 4 Light, 3 AC, 1 TV, 1 Fan, 5 AC, 3 Geyser, 7 Light, 1 AC, 11 Fan, 22 Light, 6 AC"
48,sector 58,"4 Wardrobe, 10 Fan, 1 Exhaust Fan, 5 Geyser, 1 Microwave, 15 Light, 4 AC, 1 Modular Kitchen, 6 Fan, 2 Geyser, 1 Stove, 20 Light, 1 Chimney, 1 Curtains, 4 Fan, 6 Geyser, 7 Light, 5 AC, 3 Wardrobe, 1 Water Purifier, 5 Fan, 4 Geyser, 10 Light, 3 Geyser"
49,sector 90,"3 Wardrobe, 7 Fan, 1 Exhaust Fan, 4 Geyser, 25 Light, 1 Modular Kitchen, 4 AC, 4 Wardrobe, 6 Fan, 1 Microwave, 1 Curtains, 1 Chimney, 1 Light, 2 Wardrobe, 4 Fan, 1 Geyser, 8 Light, 8 Fan, 6 Geyser, 1 Stove, 10 Light, 3 Fan, 7 Light, 1 Fan, 3 Geyser, 6 AC, 5 Fan, 20 Light, 1 Water Purifier, 1 Fridge, 1 Dining Table, 1 AC, 1 TV, 1 Bed, 1 Wardrobe, 1 Sofa, 1 Washing Machine, 2 Geyser, 18 Light, 3 Light, 5 AC, 6 Light, 9 Light, 14 Light, 2 Fan, 2 AC"
50,sector 57,"1 Water Purifier, 9 Fan, 1 Exhaust Fan, 6 Geyser, 23 Light, 1 Chimney, 1 Modular Kitchen, 6 Wardrobe, 1 Fan, 1 Fridge, 1 Dining Table, 1 Geyser, 1 Stove, 1 Light, 1 AC, 1 TV, 1 Curtains, 1 Bed, 1 Wardrobe, 1 Sofa, 1 Washing Machine, 1 Microwave, 9 Wardrobe, 12 Fan, 9 Geyser, 30 Light, 10 Fan, 10 Light, 4 Wardrobe, 3 Geyser, 12 Light, 2 AC, 6 Fan, 4 Geyser, 14 Light, 5 Geyser, 40 Light, 14 AC, 5 Wardrobe, 3 Wardrobe, 8 Fan, 26 Fan, 12 Geyser, 272 Light, 8 Wardrobe, 4 Fan, 20 Light, 11 Light, 15 Light, 44 Light, 7 AC"
51,sector 4,"30 Light, 4 Wardrobe, 1 Water Purifier, 2 Fan, 1 Exhaust Fan, 1 Stove, 4 Light, 2 AC, 1 Modular Kitchen, 1 Chimney, 1 Curtains, 3 Fan, 6 Light, 3 Wardrobe, 4 Fan, 10 Light, 1 Light, 2 Wardrobe, 1 Geyser, 1 AC, 16 Light, 1 Wardrobe, 32 Light, 5 Fan, 15 Light, 1 Fan, 6 Fan, 20 Light, 16 Wardrobe, 9 Fan, 4 Geyser, 21 Light, 5 AC, 9 Light, 14 Light, 13 Light"
52,sector 92,"1 Water Purifier, 7 Fan, 1 Fridge, 1 Exhaust Fan, 1 Dining Table, 2 Geyser, 1 Stove, 6 Light, 2 AC, 1 Modular Kitchen, 1 Chimney, 4 Wardrobe, 1 Washing Machine, 1 Microwave, 5 Fan, 14 Light, 3 AC, 4 Curtains, 1 TV, 2 Wardrobe, 1 Sofa, 1 Light, 4 Bed, 3 Wardrobe, 6 Fan, 4 Geyser, 4 Fan, 5 Light, 3 Geyser, 10 Light, 5 AC, 7 Light, 3 Fan, 3 Light, 1 Curtains, 2 Fan, 2 Light, 1 Fan, 4 Light, 15 Light, 9 Light, 1 Wardrobe, 5 Wardrobe, 11 Light, 6 AC, 1 Geyser, 1 Bed, 1 AC, 9 Curtains, 8 Light"
53,sector 65,"3 Wardrobe, 7 Fan, 1 Exhaust Fan, 4 Geyser, 13 Light, 1 Curtains, 4 AC, 1 Modular Kitchen, 1 Chimney, 6 Fan, 3 Geyser, 1 Stove, 11 Light, 1 Water Purifier, 5 Fan, 1 Dining Table, 6 Light, 2 AC, 1 Microwave, 6 AC, 14 Light, 4 Curtains, 5 AC, 1 Fan, 1 Fridge, 1 Geyser, 1 Light, 1 AC, 1 Wardrobe, 4 Fan, 8 Light, 2 Geyser, 1 TV, 1 Bed, 1 Sofa, 1 Washing Machine, 10 Light, 3 Fan, 3 AC, 3 Curtains, 2 Wardrobe, 12 Light, 4 Wardrobe, 5 Curtains, 8 Fan, 5 Geyser, 3 TV, 3 Bed, 10 Fan, 18 Light, 9 Light, 17 Light, 7 Light, 7 Curtains, 2 Light, 4 TV, 15 Light, 5 Light"
54,sector 106,"2 Geyser, 1 Stove, 12 Light, 1 Modular Kitchen, 3 AC, 1 Chimney, 4 Fan, 1 Exhaust Fan, 5 Light, 1 Light, 5 Wardrobe, 1 Water Purifier, 6 Fan, 6 Geyser, 6 Light, 7 AC, 3 Wardrobe, 1 Fan, 2 AC, 5 AC, 1 AC, 4 Light, 1 Wardrobe, 1 Geyser, 3 Fan, 7 Light, 3 Geyser, 10 Light, 1 Curtains, 2 Light, 4 AC, 3 Light, 16 Light"
55,sector 107,"1 Geyser, 7 Light, 6 AC, 6 Fan, 1 Exhaust Fan, 2 Geyser, 6 Light, 1 Fan, 1 Light, 1 Modular Kitchen, 7 Fan, 1 Curtains, 5 Fan, 5 Light, 4 AC, 3 Wardrobe, 4 Fan, 1 Wardrobe, 3 Fan, 5 AC, 1 Chimney, 2 Wardrobe, 8 Fan, 10 Light, 1 Bed, 1 Sofa, 3 AC, 2 Fan, 2 Light, 9 Fan, 3 Geyser, 3 Curtains, 1 Water Purifier, 1 Fridge, 1 Dining Table, 1 AC, 11 Light, 3 Light, 4 Light, 1 Stove, 2 TV, 4 Curtains, 1 Washing Machine, 2 Microwave, 12 Light, 1 TV"
56,sector 21,"4 Fan, 1 Exhaust Fan, 3 Geyser, 10 Light, 1 Wardrobe, 1 Fan, 1 Light, 4 Wardrobe, 5 Fan, 4 Light"
57,sector 72,"7 AC, 1 Modular Kitchen, 1 Light, 3 Wardrobe, 7 Fan, 1 Exhaust Fan, 4 Geyser, 1 Stove, 14 Light, 4 AC, 1 Curtains, 1 Chimney, 4 Fan, 6 Light, 4 Wardrobe, 1 Water Purifier, 10 Fan, 5 Geyser, 27 Light, 6 Fan, 18 Light, 12 Fan, 6 Geyser, 9 Light, 6 Wardrobe, 1 Sofa, 22 Light, 6 AC, 5 Fan, 1 Fridge, 12 Light, 5 AC, 1 Washing Machine, 11 Light, 8 AC, 5 Wardrobe, 8 Fan, 30 Light, 15 Light, 9 Fan, 1 Geyser, 7 Geyser, 4 Light, 3 Fan"
58,sector 108,"4 Fan, 1 Exhaust Fan, 2 Geyser, 7 Light, 5 AC, 1 Modular Kitchen, 4 Light, 1 AC, 1 Chimney, 4 Wardrobe, 1 Wardrobe, 1 Fan, 1 Geyser, 1 Light, 3 AC, 5 Fan, 5 Light, 6 Fan, 6 Light, 4 AC, 4 Geyser, 1 Water Purifier, 8 Fan, 1 Fridge, 1 Dining Table, 1 Stove, 70 Light, 7 AC, 2 TV, 1 Curtains, 4 Bed, 5 Wardrobe, 1 Sofa, 1 Washing Machine, 1 Microwave, 3 Wardrobe, 10 Light, 1 Bed, 3 Fan, 2 AC, 3 Light, 6 AC, 3 Geyser, 8 Light, 2 Wardrobe, 5 Geyser, 16 Light, 14 Light, 7 Fan"
59,sector 89,"1 Wardrobe, 1 Fan, 1 Light, 4 Wardrobe, 1 Modular Kitchen, 1 AC, 1 Water Purifier, 3 Fan, 1 Exhaust Fan, 1 Geyser, 8 Light, 2 Bed, 1 Sofa, 1 Washing Machine, 2 Wardrobe, 3 Geyser, 3 Light, 3 AC, 1 Chimney, 1 Stove, 3 Wardrobe, 6 Fan, 2 Geyser, 7 Light"
60,sector 5,"1 Water Purifier, 1 Fridge, 8 Fan, 1 Exhaust Fan, 1 Dining Table, 5 Geyser, 1 Stove, 21 Light, 1 Curtains, 1 Chimney, 1 Modular Kitchen, 5 Wardrobe, 2 Bed, 1 Sofa, 1 Washing Machine, 1 Microwave, 1 Light, 1 Wardrobe, 1 Fan, 1 Geyser, 1 AC"
61,sector 46,"3 Fan, 1 Exhaust Fan, 2 Geyser, 5 Light, 1 Modular Kitchen, 5 Wardrobe, 11 Fan, 5 Geyser, 4 Light, 2 Chimney, 4 Wardrobe, 8 Fan, 40 Light, 1 Chimney, 14 Wardrobe, 15 Fan, 13 Geyser, 23 Light, 4 Chimney, 10 Fan, 50 Light, 32 Light, 3 Wardrobe, 6 Fan, 30 Light, 5 Fan, 3 Geyser, 19 Light, 4 AC, 1 Water Purifier, 1 Fridge, 1 Stove, 22 Light, 13 Fan, 17 Light, 6 Geyser, 8 Wardrobe, 12 Fan"
62,sector 70,"4 Wardrobe, 9 Fan, 1 Exhaust Fan, 5 Geyser, 10 Light, 1 Modular Kitchen, 1 Chimney, 4 AC, 1 Light, 1 Wardrobe, 1 Fan, 1 Geyser, 3 Geyser, 1 Microwave, 1 AC, 5 Fan, 8 Light, 3 Wardrobe, 3 Fan, 1 Water Purifier, 4 Fan, 1 Fridge, 1 Dining Table, 2 Geyser, 1 TV, 3 Bed, 7 Fan, 9 Light, 1 Washing Machine, 3 AC, 5 Curtains, 4 Light, 7 AC, 12 Light, 1 Curtains, 5 Light, 2 Wardrobe, 1 Stove, 7 Light"
63,sector 55,"1 Wardrobe, 18 Fan, 1 Fridge, 1 Exhaust Fan, 21 Geyser, 18 AC, 18 Chimney, 21 Curtains, 1 Modular Kitchen, 18 TV, 18 Wardrobe, 1 Water Purifier, 10 Fan, 1 Dining Table, 5 Geyser, 1 Stove, 20 Light, 1 Curtains, 4 AC, 1 Chimney, 3 TV, 10 Wardrobe, 4 Bed, 1 Sofa, 1 Microwave, 1 Washing Machine, 4 Wardrobe, 8 Fan, 2 Geyser, 42 Light, 14 Fan, 9 Geyser, 17 Light, 10 AC, 9 Chimney, 10 TV, 6 Wardrobe, 9 Fan, 6 Geyser, 4 Geyser, 12 Light, 5 Wardrobe, 6 Fan, 11 Light, 8 Wardrobe, 3 Geyser, 16 Light, 9 Wardrobe, 3 Wardrobe, 4 Fan, 10 Light"
64,sector 24,"1 Water Purifier, 1 Fridge, 21 Fan, 1 Exhaust Fan, 1 Dining Table, 13 Geyser, 1 Stove, 20 Light, 1 Chimney, 9 TV, 18 AC, 1 Modular Kitchen, 1 Curtains, 7 Wardrobe, 14 Bed, 1 Sofa, 1 Microwave, 1 Washing Machine, 16 Fan, 16 Light, 4 Bed, 9 Fan, 6 Geyser, 12 Light, 7 AC, 5 TV, 5 Wardrobe, 6 Fan, 4 Geyser, 10 Light, 5 AC, 14 Wardrobe, 14 AC, 14 TV, 5 Fan, 5 Geyser, 1 Light, 4 Wardrobe, 8 Fan, 3 Wardrobe, 3 Geyser, 10 Fan, 25 Light, 10 Geyser, 23 Light, 10 AC, 10 TV, 10 Curtains, 10 Wardrobe, 8 Wardrobe, 12 Fan, 8 Geyser, 40 Light, 11 Curtains, 21 Light"
65,sector 68,"2 Wardrobe, 5 Fan, 1 Exhaust Fan, 2 Geyser, 1 Stove, 11 Light, 1 Chimney, 1 Modular Kitchen, 1 Curtains, 4 AC, 6 Fan, 10 Light, 7 Fan, 2 AC, 1 Water Purifier, 3 Geyser, 6 Light, 3 Curtains, 3 AC, 3 Fan, 1 Fridge, 1 Geyser, 9 Light, 1 AC, 1 TV, 3 Bed, 1 Sofa, 1 Light, 4 Fan, 4 Wardrobe, 3 Wardrobe, 21 Light, 5 AC"
66,sector 7,"1 Light, 2 Wardrobe, 8 Fan, 2 Geyser, 10 Light, 3 AC, 1 Modular Kitchen, 3 Fan, 60 Light, 1 Bed, 3 Wardrobe, 1 Sofa, 1 Exhaust Fan, 3 Geyser, 18 Light, 1 Chimney, 1 Wardrobe, 1 Fan, 40 Light, 2 Fan, 4 Wardrobe, 52 Light, 21 Light, 4 Light, 2 Light, 1 Curtains, 9 Fan, 6 Wardrobe, 30 Light, 5 Fan, 1 Geyser, 6 Light, 12 Fan, 6 Geyser, 20 Light, 3 Chimney, 20 Curtains, 4 Bed, 5 Wardrobe, 4 AC, 2 TV, 5 Curtains, 5 Light"
67,sector 76,"1 Light, 4 Wardrobe, 6 Fan, 1 Exhaust Fan, 2 Geyser, 20 Light, 1 Chimney, 1 Modular Kitchen, 3 Fan, 3 Geyser, 7 Light, 2 Wardrobe, 1 Water Purifier, 1 Fridge, 1 Geyser, 1 Stove, 5 Light, 4 AC, 3 Wardrobe, 1 Microwave, 1 Washing Machine"
68,sector 88,"2 Wardrobe, 5 Fan, 1 Geyser, 5 Light, 4 AC, 1 Modular Kitchen, 1 Chimney, 1 Water Purifier, 1 Exhaust Fan, 1 Stove, 1 Light, 1 AC, 1 Wardrobe, 1 Fan, 1 Curtains, 6 Fan, 1 Fridge, 2 Geyser, 10 Light, 3 Bed, 4 Wardrobe, 1 Sofa, 1 Washing Machine, 4 Fan, 4 Light, 3 AC, 1 Dining Table, 1 Bed"
69,sector 103,"1 Modular Kitchen, 9 Fan, 9 Light, 4 AC, 1 Chimney, 1 Light, 2 Geyser, 3 AC, 4 Wardrobe, 2 Wardrobe, 1 Water Purifier, 3 Fan, 1 Stove, 8 Light, 2 AC, 3 Wardrobe, 5 Fan, 1 Exhaust Fan, 5 Light, 1 Curtains, 6 Fan, 3 Geyser, 6 Light, 5 AC, 10 Fan, 10 Light, 8 AC, 1 Bed, 4 Fan, 11 Light, 2 Fan, 2 Light, 4 Curtains, 15 Light, 1 Microwave, 4 Light, 1 Wardrobe, 1 Fan, 18 Light, 6 AC, 8 Fan, 16 Light, 12 Light"
70,sector 52,"4 Fan, 1 Exhaust Fan, 3 Geyser, 21 Light, 1 Chimney, 1 Modular Kitchen, 5 Wardrobe, 1 Wardrobe, 1 Fan, 1 Light, 5 Fan, 7 Light, 3 AC, 3 Wardrobe, 1 Water Purifier, 2 Fan, 25 Light, 1 AC, 1 Curtains, 2 Wardrobe, 1 Fridge, 1 Geyser, 1 Stove, 21 Fan, 9 Geyser, 10 AC, 3 Chimney, 9 Wardrobe, 7 Fan, 12 Light, 15 Light, 1 Dining Table, 10 Light, 1 TV, 1 Sofa, 1 Washing Machine, 1 Microwave"
71,sector 6,"1 Wardrobe, 1 Fan, 1 Light, 3 Fan, 3 Light, 3 Wardrobe, 1 Exhaust Fan, 6 Light, 1 Modular Kitchen, 1 Chimney, 1 Curtains, 1 Bed"
72,sector 25,"9 Wardrobe, 24 Fan, 1 Exhaust Fan, 9 Geyser, 48 Light, 5 Fan, 1 Chimney, 5 Light, 4 AC, 1 Water Purifier, 9 Fan, 1 Stove, 20 Light, 9 AC, 1 Modular Kitchen, 1 Curtains, 1 Microwave, 4 Geyser, 4 Wardrobe, 2 Geyser, 6 Light, 7 Geyser, 41 Light, 7 Wardrobe, 5 Geyser, 12 Light, 5 AC, 6 Curtains, 12 Wardrobe, 3 Wardrobe, 3 Fan, 3 Geyser, 3 Light, 12 Fan, 28 Light, 9 Light, 6 Geyser, 30 Light, 5 Wardrobe, 7 Fan, 25 Light, 1 Light, 6 Fan, 15 Light, 1 Fridge, 1 Sofa, 1 Washing Machine, 26 AC, 1 Dining Table, 21 Light, 8 AC, 5 Curtains, 4 TV, 21 Geyser, 51 Light, 24 AC, 24 Wardrobe, 8 Fan, 18 Light, 10 Light, 6 AC, 16 Light, 12 Geyser, 75 Light, 12 AC, 4 Chimney, 12 Curtains, 4 Microwave, 36 Fan, 16 Geyser, 43 Light, 80 Light, 20 AC, 4 Fan, 2 AC, 22 Light, 10 Wardrobe, 20 Curtains, 20 Fan, 50 Light, 10 AC"
73,sector 3,"1 Light, 1 Bed, 5 Wardrobe, 1 Water Purifier, 4 Fan, 1 Sofa, 1 Exhaust Fan, 6 Light, 1 Modular Kitchen, 1 Chimney, 1 Curtains, 1 Stove, 1 AC, 2 Wardrobe, 1 Geyser, 5 Light, 3 Wardrobe, 3 Light"
74,sector 63,"3 Wardrobe, 8 Fan, 1 Exhaust Fan, 3 Geyser, 14 Light, 2 AC, 1 Modular Kitchen, 1 Chimney, 1 Curtains, 1 Wardrobe, 1 Fan, 1 Light, 4 Geyser, 12 Light, 6 Fan, 8 Light, 4 Wardrobe, 4 Fan, 6 Light, 4 AC, 1 AC, 1 Water Purifier, 1 Stove, 5 AC, 3 AC, 2 Fan, 2 Geyser, 3 Light, 2 Wardrobe"
75,sector 36,"1 Wardrobe, 1 Fan, 1 Light, 3 Fan, 6 Light, 1 Modular Kitchen, 3 Curtains, 1 Chimney, 3 AC, 1 Water Purifier, 2 Fan, 1 Exhaust Fan, 1 Geyser, 8 Light, 1 AC, 1 Curtains, 1 Bed, 2 Wardrobe, 1 Sofa, 12 Light, 5 AC, 5 Light, 4 Fan, 1 Fridge, 1 Dining Table, 4 Geyser, 1 Stove, 10 Light, 3 Bed, 4 Wardrobe, 1 Microwave, 1 Washing Machine, 3 Wardrobe, 7 Light"
76,sector 66,"3 Fan, 1 Exhaust Fan, 2 Geyser, 4 AC, 1 Curtains, 3 Wardrobe, 7 Fan, 3 Geyser, 1 Stove, 11 Light, 1 Modular Kitchen, 1 Chimney, 4 Wardrobe, 1 Water Purifier, 6 Fan, 5 Geyser, 1 Microwave, 10 Light, 5 Fan, 5 AC, 9 Fan, 6 Geyser, 16 Light, 7 AC, 6 Wardrobe, 7 Geyser, 26 Light, 10 AC, 12 Light, 1 Fridge, 6 AC, 5 Wardrobe, 10 Fan, 15 Light, 8 AC, 16 Fan, 8 Geyser, 55 Light, 30 Light, 20 Wardrobe, 1 Washing Machine, 4 Geyser, 20 Light, 8 Curtains, 1 Dining Table, 5 Light, 3 TV, 4 Bed, 1 Sofa, 12 Geyser, 36 Light, 12 AC, 7 Wardrobe, 9 Light, 9 AC, 2 Wardrobe, 4 Fan, 1 Geyser, 1 AC, 21 Light, 7 Light, 3 AC, 24 Light, 1 Light, 6 Light, 12 Fan, 51 Light, 14 AC, 1 Bed"
77,sector 40,"5 Wardrobe, 1 Water Purifier, 1 Exhaust Fan, 5 Geyser, 1 Stove, 1 Microwave, 1 Modular Kitchen, 1 Chimney, 1 Light, 4 Wardrobe, 5 Fan, 4 Geyser, 2 Light, 7 Wardrobe, 15 Fan, 55 Light, 10 Wardrobe, 21 Fan, 9 Geyser, 1 Washing Machine, 56 Light, 11 AC, 3 Wardrobe, 8 Fan, 16 Light, 6 Fan, 7 Geyser, 14 Light, 20 Wardrobe, 24 Fan, 18 Geyser, 99 Light, 24 AC"
78,sector 47,"3 Wardrobe, 5 Fan, 1 Exhaust Fan, 3 Geyser, 20 Light, 1 Chimney, 1 Modular Kitchen, 1 Water Purifier, 3 Fan, 4 Geyser, 1 Stove, 3 Light, 3 AC, 1 Curtains, 1 Sofa, 10 Light, 11 Wardrobe, 1 Fridge, 1 Washing Machine, 8 AC, 12 Wardrobe, 12 Fan, 101 Light, 4 Wardrobe, 8 Fan, 9 Wardrobe, 13 Fan, 23 Light, 17 Fan, 1 Dining Table, 19 Light, 9 Curtains, 5 AC, 2 TV, 3 Chimney, 13 Wardrobe, 3 Microwave, 6 Fan, 1 Microwave, 6 Light, 4 AC, 9 Geyser, 17 Light, 15 Light, 2 Wardrobe, 1 Geyser, 8 Light, 7 Geyser, 7 Light, 2 Chimney, 7 Wardrobe"
79,sector 30,"1 Bed, 1 Wardrobe, 1 Fan, 1 Sofa, 1 Light, 1 AC, 2 Wardrobe, 4 Fan, 1 Exhaust Fan, 2 Geyser, 10 Light, 1 Chimney, 1 Modular Kitchen, 1 Water Purifier, 6 Fan, 1 Dining Table, 1 Geyser, 1 Stove, 12 Light, 1 Curtains, 4 Wardrobe, 21 Light, 5 AC"
80,sector 23,"4 Wardrobe, 5 Fan, 1 Exhaust Fan, 3 Geyser, 10 Light, 1 Modular Kitchen, 1 Chimney, 6 Wardrobe, 18 Fan, 3 Wardrobe, 4 Fan, 2 Geyser, 13 Light, 1 Microwave, 7 Light, 1 Curtains, 1 Fan, 1 Geyser, 1 Light, 1 Wardrobe, 2 Fan, 2 Light, 8 Fan, 4 Geyser, 12 Light, 8 Wardrobe, 11 Fan, 18 Light, 9 Fan, 5 Geyser"
81,sector 74,"4 Wardrobe, 4 Fan, 1 Exhaust Fan, 4 Geyser, 15 Light, 4 AC, 1 Modular Kitchen, 1 Chimney, 1 Fan, 1 Geyser, 1 Light, 1 Wardrobe, 1 Water Purifier, 3 Geyser, 12 Light, 3 AC, 4 Curtains, 3 Wardrobe, 5 Fan, 11 Light, 3 Curtains, 1 Bed, 2 Geyser, 1 Stove, 2 Wardrobe, 6 Light"
82,sector 27,"6 Wardrobe, 1 Water Purifier, 4 Fan, 1 Exhaust Fan, 4 Geyser, 1 Stove, 16 Light, 1 Modular Kitchen, 1 Chimney, 9 Fan, 1 Fridge, 1 Dining Table, 9 Geyser, 9 Light, 9 AC, 1 Curtains, 9 Bed, 9 Wardrobe, 1 Sofa, 1 Microwave, 1 Washing Machine, 10 Wardrobe, 7 Fan, 5 Geyser, 31 Light, 7 AC"
83,sector 99,"2 Fan, 1 Washing Machine, 6 Light, 1 AC, 1 Chimney, 2 Curtains, 1 Light, 1 Fan, 1 Exhaust Fan, 1 Modular Kitchen, 6 Fan, 4 AC, 3 Wardrobe, 3 Light, 5 AC, 6 AC, 3 Fan, 3 AC, 5 Light, 1 Wardrobe, 2 Wardrobe, 2 Geyser, 4 Light, 2 Light"
84,sector 59,"3 Wardrobe, 4 Fan, 1 Exhaust Fan, 4 Geyser, 3 Light, 1 Modular Kitchen, 1 Chimney, 3 AC, 1 Water Purifier, 6 Geyser, 1 Stove, 7 AC, 4 Light, 4 AC"
85,sector 45,"8 Wardrobe, 9 Fan, 1 Exhaust Fan, 9 Light, 1 Modular Kitchen, 1 Curtains, 10 Wardrobe, 15 Fan, 8 Geyser, 20 Light, 4 Bed, 5 Wardrobe, 1 Water Purifier, 7 AC, 5 TV, 9 Wardrobe, 12 Fan, 10 Geyser, 36 Light, 3 Chimney, 12 Curtains, 16 Fan, 1 Fridge, 1 Dining Table, 1 Microwave, 16 Light, 12 AC, 4 Fan, 6 Geyser, 17 Light, 1 Chimney, 11 Fan, 7 Geyser, 1 Stove, 15 Light, 11 AC, 9 TV, 5 Bed, 13 Wardrobe, 1 Sofa, 1 Washing Machine, 3 Wardrobe, 6 Fan, 3 Geyser, 4 AC, 8 Fan, 4 Geyser, 2 AC, 4 Wardrobe"
86,sector 78,"1 Wardrobe, 1 Stove, 1 Chimney, 1 Modular Kitchen, 1 Fan, 1 Light, 3 Wardrobe, 6 Fan, 1 Water Purifier, 1 Fridge, 5 Fan, 1 Exhaust Fan, 1 Dining Table, 3 Geyser, 12 Light, 3 Bed, 1 Sofa, 1 Washing Machine, 1 Microwave, 3 Fan, 2 Geyser, 7 Light"
87,sector 22,"1 Fridge, 1 Exhaust Fan, 4 Geyser, 1 Washing Machine, 1 Microwave, 4 AC, 1 Modular Kitchen, 1 Chimney, 1 Wardrobe, 1 Fan, 1 Geyser, 1 Light, 1 Curtains, 1 AC, 1 TV, 1 Water Purifier, 3 Fan, 2 Geyser, 1 Stove, 10 Light, 2 Wardrobe, 5 Light, 2 AC, 4 Fan, 3 Geyser, 3 Wardrobe, 5 Fan, 6 Light, 5 AC, 6 Wardrobe, 3 AC, 4 Wardrobe, 1 Bed, 6 Fan, 5 Wardrobe, 2 Microwave, 5 Geyser, 16 Light, 17 Light"
88,sector 9,"3 Wardrobe, 1 Modular Kitchen, 1 Light, 6 Fan, 1 Exhaust Fan, 3 Geyser, 12 Light, 4 Wardrobe, 7 Fan, 2 Geyser, 7 Light, 1 Chimney, 1 Curtains, 4 Geyser, 1 Stove, 10 Light, 1 Fan, 1 Dining Table, 9 Wardrobe, 12 Fan, 50 Light, 2 Wardrobe, 4 Fan, 11 Wardrobe, 18 Fan, 5 Geyser, 9 Light, 3 Fan, 30 Light"
89,sector 80,"1 Wardrobe, 1 Fan, 1 Sofa, 1 Exhaust Fan, 1 Modular Kitchen"
90,sector 71,"2 Wardrobe, 4 Fan, 1 Exhaust Fan, 2 Geyser, 1 Light, 1 Modular Kitchen, 1 AC, 1 Chimney, 4 Wardrobe, 6 Fan, 1 Geyser, 50 Light, 1 Curtains, 1 Fan, 1 Wardrobe, 2 Light, 1 TV, 3 Wardrobe, 5 Fan, 3 Geyser, 16 Light, 3 Curtains, 4 Light, 10 Light, 5 Light, 3 AC, 1 Microwave, 7 Fan, 1 Fridge, 1 Stove, 8 Light, 6 Curtains, 6 Wardrobe, 1 Sofa"
91,sector 110,"8 AC, 1 Modular Kitchen, 7 AC, 3 Fan, 1 Exhaust Fan, 15 Light, 3 Wardrobe, 5 Fan, 3 Geyser, 1 Chimney, 13 Light, 6 AC, 7 Fan, 2 Geyser, 30 Light, 1 Wardrobe, 6 Light, 10 AC, 1 Fan, 1 Light, 5 Light, 8 Light, 1 Curtains"
92,sector 31,"1 Light, 1 Modular Kitchen, 1 Wardrobe, 1 Fan, 2 Wardrobe, 10 Wardrobe, 1 Water Purifier, 7 Fan, 1 Exhaust Fan, 6 Geyser, 1 Stove, 16 Light, 1 Chimney, 12 Wardrobe, 12 Geyser, 4 Microwave, 16 AC, 4 Chimney, 4 Wardrobe, 6 Fan, 4 Geyser, 25 Light, 5 Wardrobe, 5 Bed, 4 Fan, 5 Geyser, 10 Light, 5 TV, 6 AC, 8 Fan, 50 Light, 12 Fan, 62 Light, 5 Fan, 1 Dining Table, 2 Geyser, 20 Light, 4 AC, 7 Curtains, 13 Wardrobe, 1 Microwave"
93,sector 91,"2 Wardrobe, 4 Fan, 2 Geyser, 11 Light, 2 AC, 1 Modular Kitchen, 1 Water Purifier, 3 Fan, 1 Fridge, 1 Dining Table, 3 Geyser, 1 Stove, 6 Light, 1 Curtains, 1 Chimney, 3 AC, 2 TV, 2 Bed, 3 Wardrobe, 1 Sofa, 1 Washing Machine, 7 Wardrobe, 9 Fan, 1 Exhaust Fan, 14 Light, 7 Fan, 7 Light, 5 AC, 4 Wardrobe, 1 Microwave, 28 Light, 4 AC, 5 Fan, 1 Geyser, 4 Light"
94,sector 38,"10 Wardrobe, 10 Fan, 1 Exhaust Fan, 9 Geyser, 70 Light, 3 Chimney, 10 Curtains, 1 Modular Kitchen, 1 Water Purifier, 12 Fan, 1 Stove, 26 Light, 1 Chimney, 9 TV, 1 Curtains, 9 Wardrobe, 1 Wardrobe, 1 Fan, 1 Light, 14 Wardrobe, 14 Fan, 6 Geyser, 24 Light, 6 AC, 9 Curtains, 5 Fan, 1 Fridge, 20 Light, 4 AC, 5 Wardrobe, 1 Sofa, 1 Washing Machine, 3 Wardrobe, 3 Fan, 3 Geyser, 16 Light"
95,sector 1,"1 Wardrobe, 1 Fan, 1 Light, 1 Water Purifier, 5 Fan, 1 Fridge, 1 Exhaust Fan, 4 Geyser, 7 Light, 1 Chimney, 4 Wardrobe, 1 Sofa, 1 Microwave, 1 Washing Machine"
96,sector 60,"4 Wardrobe, 1 Water Purifier, 6 Fan, 1 Exhaust Fan, 4 Geyser, 10 Light, 6 AC, 1 Modular Kitchen, 1 Curtains, 5 Geyser, 1 Stove, 7 Light, 5 AC, 1 Chimney, 3 Wardrobe, 11 Fan, 3 Geyser, 20 Light, 4 Fan, 4 Light, 4 AC, 1 Wardrobe, 5 Light, 2 Geyser, 14 Light, 3 AC, 5 Curtains, 1 Washing Machine, 15 Light, 2 TV, 5 Wardrobe, 3 Fan, 7 Wardrobe, 1 Geyser, 1 TV, 2 Bed, 12 Geyser, 12 AC, 16 Light, 5 Fan, 8 Light"
97,sector 105,"1 Light, 1 Water Purifier, 1 Chimney, 1 Sofa, 1 Fan, 1 Wardrobe, 5 Fan, 1 Exhaust Fan, 1 Geyser, 14 Light, 1 Modular Kitchen, 17 Light, 3 Wardrobe, 9 Fan"
98,sector 93,"1 Water Purifier, 5 Fan, 1 Exhaust Fan, 3 Geyser, 1 Stove, 70 Light, 4 AC, 1 Chimney, 16 Curtains, 1 Modular Kitchen, 3 Wardrobe, 1 Fan, 1 Geyser, 5 Light, 3 Curtains, 1 Light"
99,sector 62,"6 Fan, 10 Light, 7 AC, 1 Chimney, 1 Modular Kitchen, 6 Wardrobe, 3 Fan, 1 Exhaust Fan, 1 Geyser, 1 Stove, 4 AC, 1 Curtains, 7 Light, 8 AC, 4 Fan, 15 Light, 6 AC, 4 Wardrobe, 8 Fan, 20 Light, 5 AC, 1 Water Purifier, 2 Fan, 1 Fridge, 1 Dining Table, 3 Light, 2 TV, 3 Chimney, 2 Wardrobe, 1 Sofa, 1 Washing Machine, 8 Light, 5 Wardrobe, 9 Fan, 5 Geyser, 11 Light, 12 Light, 1 Fan, 1 Light, 1 AC, 2 Geyser, 1 Microwave, 2 Chimney, 2 AC, 7 Wardrobe, 10 Fan, 6 Geyser, 18 Light"
100,sector 51,"4 Geyser, 10 Light, 4 AC, 2 Wardrobe, 7 Fan, 1 Exhaust Fan, 7 Light, 2 Fan, 1 Wardrobe, 5 Wardrobe, 9 Fan, 5 Geyser, 15 Light, 8 AC, 1 Modular Kitchen, 1 Chimney"
101,sector 73,"1 Water Purifier, 1 Fan, 1 Fridge, 1 Exhaust Fan, 1 Dining Table, 1 Geyser, 1 Stove, 1 Light, 1 AC, 1 TV, 1 Modular Kitchen, 1 Chimney, 1 Curtains, 1 Bed, 1 Wardrobe, 1 Sofa, 1 Washing Machine, 1 Microwave"
102,sector 39,"1 Wardrobe, 1 Fan, 1 Light, 5 Wardrobe, 5 Fan, 1 Exhaust Fan, 5 Geyser, 5 Light, 5 AC, 5 TV, 1 Chimney, 5 Curtains, 1 Water Purifier, 1 Fridge, 1 Dining Table, 4 Geyser, 1 Stove, 15 Light, 1 Modular Kitchen, 1 TV, 4 Wardrobe, 1 Sofa, 1 Microwave, 1 Washing Machine, 38 Fan, 1 Geyser, 100 Light, 1 Curtains, 7 Bed, 18 Wardrobe, 8 Fan, 6 AC, 9 Curtains, 3 Wardrobe, 3 Fan, 3 Geyser, 9 Light, 1 AC"
